NAME,Occupied housing units,"        1, detached","        1, attached",        2 apartments,        3 or 4 apartments,        5 to 9 apartments,        10 or more apartments,        Mobile home or other type of housing,        2020 or later,        2010 to 2019,        2000 to 2009,        1980 to 1999,        1960 to 1979,        1940 to 1959,        1939 or earlier,        1 room,        2 or 3 rooms,        4 or 5 rooms,        6 or 7 rooms,        8 or more rooms,        No bedroom,        1 bedroom,        2 or 3 bedrooms,        4 or more bedrooms,        With complete plumbing facilities,        With complete kitchen facilities,        No vehicle available,        1 vehicle available,        2 vehicles available,        3 or more vehicles available,        With telephone service,        Utility gas,"        Bottled, tank, or LP gas",        Electricity,"        Fuel oil, kerosene, etc.",        Coal or coke,        All other fuels,        No fuel used
"Marinette-Iron Mountain, WI-MI","45,061",0.82,0.00,0.03,0.01,0.02,0.04,0.08,0.01,0.04,0.10,0.22,0.23,0.21,0.19,0.01,0.09,0.34,0.37,0.20,0.01,0.09,0.74,0.17,1.00,0.99,0.05,0.32,0.43,0.21,0.99,0.54,0.27,0.08,0.01,0.00,0.09,0.00
"Buffalo-Cheektowaga-Olean, NY","537,439",0.63,0.03,0.14,0.05,0.05,0.08,0.02,0.01,0.04,0.06,0.13,0.23,0.25,0.29,0.01,0.08,0.32,0.35,0.24,0.01,0.09,0.69,0.22,1.00,0.99,0.11,0.39,0.36,0.13,0.99,0.82,0.04,0.10,0.02,0.00,0.02,0.01
"Grand Rapids-Kentwood-Muskegon, MI","545,102",0.70,0.06,0.03,0.03,0.03,0.09,0.07,0.01,0.10,0.13,0.25,0.21,0.15,0.15,0.01,0.08,0.29,0.31,0.31,0.01,0.08,0.64,0.27,1.00,0.99,0.05,0.31,0.43,0.22,0.99,0.77,0.08,0.10,\1%,0.00,0.03,0.00
"San Juan-Bayamón, PR","938,832",0.66,0.12,0.03,0.03,0.05,0.11,0.00,0.00,0.04,0.14,0.30,0.37,0.13,0.02,0.02,0.11,0.61,0.22,0.05,0.02,0.05,0.77,0.17,0.99,0.98,0.13,0.40,0.31,0.16,0.97,0.00,0.01,0.10,0.00,0.00,0.01,0.88
"Erie-Meadville, PA","146,191",0.71,0.04,0.06,0.04,0.02,0.07,0.06,0.00,0.03,0.08,0.19,0.25,0.23,0.22,0.02,0.08,0.27,0.37,0.26,0.02,0.09,0.66,0.23,0.99,0.99,0.10,0.37,0.38,0.15,0.99,0.70,0.09,0.11,0.03,0.00,0.05,0.01
"Burlington-South Burlington-Barre, VT","122,874",0.60,0.07,0.06,0.07,0.05,0.12,0.04,0.01,0.12,0.10,0.27,0.22,0.08,0.22,0.02,0.13,0.31,0.29,0.24,0.03,0.12,0.65,0.20,1.00,1.00,0.06,0.35,0.42,0.17,1.00,0.38,0.14,0.12,0.25,0.00,0.11,0.01
"Portland-Lewiston-South Portland, ME","288,673",0.65,0.04,0.06,0.07,0.05,0.08,0.05,0.02,0.09,0.12,0.25,0.20,0.11,0.22,0.02,0.11,0.33,0.32,0.22,0.02,0.11,0.67,0.20,1.00,0.99,0.06,0.33,0.42,0.19,0.99,0.13,0.14,0.12,0.54,0.00,0.07,0.01
"Rockford-Freeport-Rochelle, IL","174,615",0.76,0.04,0.04,0.05,0.04,0.06,0.02,0.00,0.03,0.12,0.24,0.26,0.18,0.17,0.02,0.07,0.32,0.33,0.27,0.02,0.08,0.68,0.23,1.00,1.00,0.08,0.34,0.38,0.21,0.99,0.80,0.07,0.12,0.00,0.00,0.01,0.01
"Detroit-Warren-Ann Arbor, MI","2,182,209",0.71,0.06,0.02,0.03,0.05,0.10,0.03,0.01,0.05,0.10,0.21,0.27,0.25,0.12,0.01,0.09,0.32,0.33,0.26,0.01,0.09,0.67,0.23,1.00,0.99,0.08,0.37,0.37,0.19,0.99,0.83,0.03,0.12,0.00,0.00,0.01,0.01
"Saginaw-Midland-Bay City, MI","159,264",0.77,0.04,0.02,0.02,0.04,0.08,0.05,0.01,0.05,0.08,0.19,0.32,0.22,0.15,0.00,0.05,0.33,0.37,0.25,0.01,0.07,0.71,0.21,1.00,0.99,0.06,0.35,0.39,0.20,1.00,0.72,0.10,0.14,0.01,0.00,0.03,0.00
"Elmira-Corning, NY","74,666",0.69,0.03,0.07,0.03,0.02,0.08,0.09,0.01,0.05,0.07,0.15,0.24,0.17,0.32,0.01,0.07,0.28,0.34,0.29,0.02,0.09,0.68,0.21,1.00,0.99,0.08,0.37,0.37,0.18,0.99,0.59,0.12,0.14,0.06,0.02,0.07,0.01
"Wausau-Stevens Point-Wisconsin Rapids, WI","131,572",0.76,0.04,0.05,0.02,0.05,0.07,0.03,0.02,0.08,0.13,0.22,0.25,0.14,0.16,0.00,0.08,0.32,0.34,0.26,0.00,0.07,0.70,0.23,1.00,0.99,0.04,0.31,0.41,0.24,0.99,0.59,0.18,0.14,0.03,0.00,0.05,0.01
"Kalamazoo-Battle Creek-Portage, MI","202,504",0.71,0.03,0.02,0.03,0.05,0.12,0.05,0.01,0.05,0.10,0.21,0.26,0.19,0.19,0.01,0.08,0.31,0.33,0.27,0.01,0.10,0.65,0.25,1.00,0.99,0.07,0.35,0.37,0.21,0.99,0.71,0.10,0.15,0.01,0.00,0.03,0.00
"Chicago-Naperville, IL-IN-WI","3,871,751",0.54,0.08,0.05,0.07,0.07,0.18,0.01,0.01,0.05,0.12,0.20,0.26,0.18,0.19,0.03,0.12,0.33,0.28,0.24,0.03,0.12,0.62,0.23,1.00,0.99,0.12,0.36,0.34,0.17,0.99,0.81,0.02,0.15,0.00,0.00,0.01,0.01
"Pueblo-Cañon City, CO","86,072",0.78,0.03,0.02,0.03,0.02,0.07,0.06,0.01,0.07,0.16,0.21,0.25,0.15,0.15,0.01,0.08,0.36,0.32,0.23,0.02,0.08,0.67,0.24,1.00,1.00,0.08,0.29,0.37,0.27,0.99,0.73,0.08,0.16,0.00,0.00,0.03,0.01
"Mount Pleasant-Alma, MI","40,362",0.69,0.02,0.03,0.04,0.05,0.09,0.07,0.01,0.06,0.12,0.26,0.24,0.14,0.17,0.00,0.06,0.39,0.33,0.22,0.00,0.07,0.73,0.20,1.00,1.00,0.05,0.33,0.41,0.21,0.99,0.55,0.22,0.16,0.01,0.00,0.06,0.01
"New York-Newark, NY-NJ-CT-PA","8,793,525",0.39,0.08,0.09,0.07,0.05,0.31,0.01,0.01,0.06,0.07,0.15,0.23,0.23,0.25,0.05,0.20,0.34,0.23,0.19,0.05,0.19,0.56,0.20,1.00,0.99,0.27,0.34,0.26,0.13,0.99,0.61,0.04,0.16,0.17,0.00,0.02,0.02
"Salt Lake City-Provo-Orem, UT","920,347",0.67,0.09,0.03,0.04,0.03,0.13,0.02,0.04,0.17,0.18,0.25,0.21,0.10,0.06,0.02,0.09,0.24,0.24,0.41,0.02,0.07,0.45,0.47,1.00,1.00,0.04,0.24,0.39,0.33,1.00,0.81,0.02,0.16,0.00,0.00,0.01,0.00
"Johnstown-Somerset, PA","84,689",0.78,0.04,0.03,0.02,0.03,0.06,0.06,0.00,0.03,0.07,0.16,0.23,0.25,0.26,0.01,0.06,0.25,0.39,0.30,0.01,0.07,0.72,0.21,1.00,0.99,0.10,0.33,0.37,0.21,0.99,0.36,0.05,0.16,0.33,0.06,0.04,0.01
"South Bend-Elkhart-Mishawaka, IN-MI","314,850",0.77,0.03,0.02,0.03,0.04,0.07,0.05,0.01,0.06,0.11,0.22,0.24,0.19,0.16,0.01,0.09,0.32,0.31,0.28,0.01,0.09,0.68,0.23,1.00,1.00,0.07,0.35,0.38,0.20,0.99,0.74,0.07,0.16,0.01,0.00,0.02,0.00
"Albuquerque-Santa Fe-Las Vegas, NM","490,703",0.68,0.05,0.01,0.04,0.03,0.10,0.10,0.01,0.09,0.17,0.31,0.25,0.12,0.04,0.03,0.10,0.37,0.32,0.19,0.03,0.09,0.68,0.20,1.00,1.00,0.05,0.35,0.36,0.25,0.99,0.71,0.06,0.17,0.00,0.00,0.06,0.01
"Appleton-Oshkosh-Neenah, WI","172,775",0.71,0.04,0.05,0.03,0.05,0.11,0.01,0.02,0.08,0.14,0.23,0.24,0.13,0.16,0.01,0.10,0.33,0.32,0.25,0.01,0.08,0.69,0.23,1.00,1.00,0.04,0.33,0.41,0.22,1.00,0.72,0.07,0.17,0.01,0.00,0.03,0.01
"Boston-Worcester-Providence, MA-RI-NH-CT","3,378,865",0.52,0.06,0.09,0.10,0.06,0.16,0.01,0.01,0.07,0.08,0.20,0.21,0.15,0.28,0.02,0.14,0.32,0.29,0.22,0.03,0.13,0.63,0.21,1.00,0.99,0.11,0.36,0.36,0.17,0.99,0.49,0.06,0.17,0.25,0.00,0.02,0.01
"Mankato-New Ulm, MN","52,815",0.66,0.05,0.03,0.03,0.05,0.14,0.04,0.02,0.09,0.15,0.20,0.20,0.13,0.21,0.02,0.09,0.25,0.30,0.34,0.02,0.09,0.62,0.28,1.00,1.00,0.08,0.28,0.41,0.24,1.00,0.65,0.14,0.17,0.01,0.00,0.02,0.01
"Youngstown-Warren, OH-PA","270,011",0.77,0.04,0.03,0.04,0.03,0.06,0.04,0.00,0.03,0.06,0.17,0.30,0.24,0.19,0.01,0.06,0.30,0.39,0.24,0.01,0.07,0.74,0.18,1.00,0.99,0.07,0.36,0.37,0.20,0.99,0.71,0.04,0.17,0.04,0.00,0.03,0.00
"Cleveland-Akron-Canton, OH","1,530,661",0.70,0.05,0.04,0.03,0.04,0.11,0.02,0.01,0.05,0.08,0.17,0.27,0.23,0.20,0.01,0.08,0.29,0.34,0.28,0.01,0.09,0.66,0.24,1.00,0.99,0.08,0.37,0.37,0.19,0.99,0.76,0.03,0.17,0.01,0.00,0.02,0.01
"Rochester-Austin, MN","110,757",0.71,0.06,0.02,0.03,0.02,0.13,0.03,0.02,0.11,0.19,0.21,0.21,0.13,0.14,0.01,0.12,0.26,0.28,0.34,0.02,0.09,0.55,0.34,1.00,0.99,0.06,0.29,0.41,0.24,1.00,0.66,0.13,0.18,0.01,0.00,0.03,0.01
"Albany-Schenectady, NY","503,107",0.61,0.04,0.10,0.07,0.05,0.10,0.04,0.01,0.08,0.09,0.20,0.21,0.16,0.26,0.01,0.11,0.31,0.31,0.26,0.02,0.12,0.64,0.23,1.00,0.99,0.10,0.37,0.38,0.16,0.99,0.51,0.09,0.18,0.17,0.00,0.05,0.01
"Pittsburgh-New Castle-Weirton, PA-OH-WV","1,138,651",0.70,0.08,0.03,0.03,0.03,0.09,0.04,0.01,0.05,0.07,0.15,0.24,0.25,0.23,0.02,0.08,0.28,0.36,0.26,0.02,0.10,0.68,0.21,1.00,0.99,0.10,0.37,0.37,0.17,0.99,0.71,0.03,0.18,0.06,0.00,0.02,0.00
"Altoona-Huntingdon, PA","68,992",0.75,0.03,0.05,0.04,0.03,0.05,0.06,0.01,0.03,0.08,0.16,0.24,0.22,0.28,0.02,0.06,0.27,0.39,0.27,0.02,0.09,0.71,0.18,1.00,0.99,0.08,0.33,0.36,0.23,0.99,0.46,0.04,0.18,0.25,0.01,0.06,0.00
"Hartford-East Hartford, CT","606,675",0.60,0.06,0.05,0.08,0.05,0.14,0.01,0.01,0.05,0.07,0.22,0.28,0.19,0.18,0.03,0.12,0.34,0.30,0.22,0.03,0.12,0.64,0.21,1.00,1.00,0.09,0.34,0.37,0.20,0.99,0.36,0.06,0.18,0.37,0.00,0.03,0.01
"Minneapolis-St. Paul, MN-WI","1,636,036",0.62,0.09,0.02,0.02,0.02,0.20,0.02,0.02,0.10,0.14,0.27,0.22,0.12,0.14,0.02,0.13,0.25,0.26,0.34,0.03,0.12,0.54,0.32,1.00,0.99,0.07,0.31,0.40,0.22,0.99,0.73,0.06,0.18,0.00,0.00,0.02,0.01
"Green Bay-Shawano, WI","155,478",0.69,0.05,0.04,0.03,0.07,0.10,0.03,0.02,0.09,0.14,0.26,0.24,0.12,0.13,0.02,0.10,0.33,0.30,0.25,0.02,0.10,0.68,0.21,1.00,1.00,0.05,0.32,0.41,0.22,0.99,0.64,0.12,0.19,0.01,0.00,0.04,0.01
"Milwaukee-Racine-Waukesha, WI","847,749",0.59,0.05,0.09,0.04,0.06,0.15,0.01,0.01,0.06,0.09,0.19,0.24,0.20,0.20,0.02,0.11,0.35,0.31,0.22,0.02,0.11,0.67,0.20,1.00,0.99,0.08,0.36,0.38,0.17,0.99,0.75,0.04,0.19,0.01,0.00,0.01,0.01
"Rochester-Batavia-Seneca Falls, NY","494,122",0.66,0.05,0.05,0.05,0.06,0.08,0.04,0.01,0.05,0.08,0.20,0.23,0.17,0.26,0.02,0.10,0.27,0.34,0.27,0.02,0.11,0.66,0.22,1.00,0.99,0.09,0.37,0.38,0.16,0.99,0.65,0.07,0.19,0.04,0.00,0.03,0.01
"Davenport-Moline, IA-IL","200,929",0.74,0.03,0.03,0.03,0.05,0.10,0.02,0.01,0.05,0.08,0.15,0.31,0.19,0.21,0.02,0.10,0.31,0.30,0.27,0.02,0.10,0.68,0.21,1.00,0.99,0.07,0.33,0.38,0.22,0.99,0.71,0.08,0.19,0.00,0.00,0.01,0.01
"Mansfield-Ashland-Bucyrus, OH","88,794",0.78,0.03,0.04,0.03,0.04,0.04,0.04,0.01,0.03,0.07,0.16,0.29,0.21,0.24,0.01,0.06,0.32,0.36,0.25,0.01,0.06,0.72,0.21,1.00,0.99,0.05,0.35,0.39,0.21,0.99,0.60,0.11,0.20,0.04,0.00,0.05,0.01
"Syracuse-Auburn, NY","308,105",0.66,0.03,0.06,0.05,0.05,0.11,0.04,0.01,0.05,0.07,0.19,0.25,0.19,0.25,0.02,0.09,0.28,0.33,0.28,0.02,0.11,0.63,0.23,1.00,0.99,0.11,0.39,0.36,0.14,0.99,0.60,0.09,0.20,0.07,0.01,0.04,0.01
"Toledo-Findlay-Tiffin, OH","356,871",0.73,0.03,0.03,0.03,0.05,0.10,0.04,0.01,0.05,0.08,0.19,0.24,0.20,0.23,0.01,0.08,0.28,0.36,0.26,0.02,0.08,0.69,0.22,1.00,0.99,0.06,0.34,0.39,0.21,0.99,0.69,0.08,0.20,0.01,0.00,0.02,0.01
"Bloomington-Pontiac, IL","83,976",0.66,0.04,0.02,0.05,0.06,0.14,0.03,0.01,0.07,0.17,0.23,0.24,0.12,0.16,0.01,0.12,0.30,0.28,0.30,0.01,0.09,0.62,0.28,1.00,0.99,0.06,0.37,0.38,0.19,1.00,0.73,0.05,0.21,0.00,0.00,0.01,0.01
"Eau Claire-Menomonie, WI","89,688",0.67,0.06,0.05,0.07,0.04,0.08,0.04,0.02,0.08,0.16,0.23,0.23,0.12,0.17,0.01,0.09,0.34,0.28,0.28,0.01,0.07,0.68,0.23,1.00,1.00,0.04,0.28,0.44,0.24,0.99,0.50,0.21,0.21,0.02,0.00,0.05,0.01
"Madison-Janesville-Beloit, WI","399,069",0.60,0.05,0.03,0.04,0.06,0.21,0.02,0.02,0.11,0.16,0.22,0.22,0.12,0.14,0.03,0.15,0.29,0.28,0.26,0.03,0.12,0.63,0.22,1.00,0.99,0.07,0.35,0.40,0.18,1.00,0.65,0.09,0.22,0.01,0.00,0.02,0.01
"Cedar Rapids-Iowa City, IA","186,185",0.63,0.08,0.01,0.03,0.06,0.15,0.04,0.02,0.15,0.14,0.23,0.22,0.11,0.13,0.02,0.12,0.29,0.27,0.30,0.02,0.09,0.62,0.28,1.00,0.99,0.06,0.33,0.39,0.22,0.99,0.66,0.09,0.22,0.00,0.00,0.02,0.01
"Parkersburg-Marietta-Vienna, WV-OH","65,342",0.76,0.01,0.03,0.05,0.02,0.04,0.10,0.01,0.07,0.10,0.24,0.28,0.16,0.15,0.01,0.06,0.30,0.37,0.26,0.01,0.06,0.73,0.21,1.00,1.00,0.06,0.35,0.37,0.22,0.99,0.68,0.06,0.22,0.01,0.00,0.02,0.00
"Ithaca-Cortland, NY","61,397",0.57,0.03,0.08,0.07,0.06,0.12,0.08,0.01,0.08,0.08,0.18,0.25,0.12,0.29,0.05,0.13,0.29,0.26,0.27,0.05,0.13,0.60,0.22,1.00,0.99,0.16,0.35,0.34,0.15,0.99,0.46,0.14,0.22,0.10,0.02,0.06,0.01
"Springfield-Jacksonville-Lincoln, IL","127,488",0.77,0.04,0.02,0.02,0.04,0.06,0.04,0.00,0.06,0.08,0.21,0.32,0.14,0.18,0.00,0.08,0.36,0.30,0.26,0.00,0.08,0.72,0.20,1.00,1.00,0.07,0.35,0.40,0.19,1.00,0.68,0.08,0.23,0.00,0.00,0.01,0.00
"Fort Wayne-Huntington-Auburn, IN","258,989",0.78,0.02,0.02,0.03,0.03,0.08,0.04,0.02,0.08,0.11,0.23,0.25,0.13,0.19,0.01,0.07,0.26,0.37,0.29,0.01,0.07,0.69,0.22,0.99,0.99,0.06,0.30,0.38,0.25,0.99,0.63,0.10,0.24,0.01,0.01,0.02,0.01
"Richmond-Connersville, IN","37,522",0.80,0.02,0.04,0.04,0.02,0.06,0.03,0.00,0.02,0.08,0.13,0.29,0.21,0.28,0.01,0.06,0.32,0.39,0.22,0.02,0.08,0.72,0.18,1.00,0.98,0.09,0.31,0.33,0.27,0.98,0.53,0.13,0.24,0.05,0.00,0.05,0.00
"Philadelphia-Reading-Camden, PA-NJ-DE-MD","2,930,039",0.48,0.26,0.04,0.04,0.04,0.13,0.02,0.01,0.06,0.09,0.20,0.24,0.20,0.20,0.02,0.11,0.25,0.32,0.29,0.03,0.11,0.59,0.27,1.00,0.99,0.12,0.35,0.36,0.17,0.99,0.58,0.04,0.25,0.11,0.00,0.01,0.01
"Omaha-Council Bluffs-Fremont, NE-IA","408,056",0.72,0.04,0.01,0.02,0.05,0.15,0.01,0.02,0.11,0.14,0.21,0.26,0.11,0.15,0.02,0.11,0.26,0.30,0.30,0.03,0.11,0.59,0.27,1.00,0.99,0.06,0.32,0.40,0.23,0.99,0.69,0.04,0.25,0.00,0.00,0.01,0.01
"Edwards-Glenwood Springs, CO","54,189",0.47,0.15,0.02,0.07,0.07,0.12,0.10,0.01,0.10,0.24,0.40,0.18,0.02,0.04,0.03,0.16,0.34,0.27,0.20,0.04,0.12,0.59,0.25,0.99,0.98,0.05,0.29,0.36,0.31,0.99,0.65,0.06,0.25,0.00,0.00,0.04,0.00
"Lima-Van Wert-Celina, OH","87,989",0.82,0.02,0.03,0.04,0.02,0.04,0.03,0.01,0.04,0.08,0.19,0.25,0.20,0.23,0.02,0.05,0.29,0.38,0.27,0.02,0.05,0.73,0.21,0.99,0.99,0.05,0.31,0.36,0.27,0.99,0.56,0.12,0.26,0.01,0.00,0.04,0.01
"El Paso-Las Cruces, TX-NM","387,235",0.67,0.03,0.02,0.04,0.05,0.10,0.08,0.02,0.18,0.16,0.28,0.22,0.11,0.03,0.02,0.11,0.38,0.34,0.14,0.03,0.08,0.65,0.24,1.00,0.99,0.06,0.31,0.38,0.25,0.99,0.69,0.03,0.26,0.00,0.00,0.01,0.01
"Reno-Carson City-Fernley, NV","270,054",0.64,0.04,0.02,0.05,0.05,0.14,0.07,0.04,0.11,0.20,0.32,0.24,0.07,0.02,0.04,0.13,0.35,0.30,0.18,0.04,0.10,0.63,0.23,1.00,0.99,0.06,0.29,0.38,0.27,0.99,0.64,0.05,0.27,0.01,0.00,0.03,0.00
"Williamsport-Lock Haven, PA","62,814",0.70,0.06,0.04,0.04,0.04,0.05,0.07,0.01,0.04,0.08,0.18,0.24,0.19,0.28,0.02,0.07,0.29,0.34,0.27,0.03,0.09,0.69,0.20,1.00,0.99,0.10,0.33,0.34,0.23,0.99,0.29,0.07,0.27,0.25,0.03,0.08,0.01
"Los Angeles-Long Beach, CA","6,223,248",0.54,0.08,0.02,0.06,0.06,0.21,0.03,0.01,0.06,0.10,0.24,0.29,0.21,0.09,0.05,0.18,0.38,0.26,0.14,0.05,0.14,0.58,0.22,1.00,0.99,0.07,0.31,0.36,0.26,0.99,0.65,0.02,0.28,0.00,0.00,0.01,0.04
"Wichita-Winfield, KS","266,097",0.74,0.04,0.03,0.04,0.02,0.10,0.04,0.02,0.08,0.13,0.24,0.21,0.21,0.11,0.02,0.09,0.28,0.30,0.31,0.02,0.10,0.59,0.30,1.00,1.00,0.05,0.30,0.38,0.27,0.99,0.65,0.05,0.28,0.00,0.00,0.02,0.00
"Des Moines-Ames-West Des Moines, IA","370,359",0.68,0.07,0.01,0.02,0.04,0.16,0.02,0.03,0.15,0.15,0.19,0.21,0.12,0.15,0.01,0.13,0.28,0.29,0.29,0.01,0.09,0.63,0.27,1.00,1.00,0.05,0.31,0.41,0.23,0.99,0.63,0.08,0.28,0.00,0.00,0.01,0.00
"Denver-Aurora, CO","1,485,436",0.59,0.09,0.01,0.03,0.04,0.21,0.02,0.03,0.14,0.16,0.27,0.25,0.10,0.06,0.03,0.15,0.27,0.24,0.31,0.03,0.13,0.53,0.31,1.00,0.99,0.06,0.31,0.39,0.24,0.99,0.66,0.03,0.29,0.00,0.00,0.02,0.01
"Dayton-Springfield-Kettering, OH","460,403",0.72,0.06,0.03,0.05,0.05,0.07,0.01,0.01,0.05,0.09,0.18,0.31,0.20,0.18,0.01,0.08,0.31,0.33,0.26,0.01,0.08,0.69,0.22,1.00,0.99,0.07,0.34,0.37,0.22,0.99,0.61,0.05,0.29,0.02,0.00,0.02,0.01
"Burlington-Fort Madison-Keokuk, IA-IL-MO","46,994",0.82,0.01,0.01,0.04,0.02,0.06,0.05,0.00,0.04,0.08,0.14,0.26,0.16,0.32,0.00,0.09,0.32,0.31,0.28,0.00,0.10,0.71,0.19,1.00,0.99,0.07,0.28,0.36,0.30,0.99,0.53,0.15,0.30,0.00,0.00,0.02,0.01
"Harrisburg-York-Lebanon, PA","527,364",0.62,0.17,0.03,0.03,0.04,0.08,0.04,0.01,0.07,0.13,0.22,0.23,0.16,0.18,0.02,0.08,0.28,0.34,0.29,0.02,0.08,0.66,0.24,1.00,0.99,0.07,0.31,0.40,0.22,0.99,0.43,0.08,0.30,0.15,0.01,0.04,0.01
"Columbus-Marion-Zanesville, OH","1,027,814",0.64,0.07,0.03,0.06,0.06,0.11,0.03,0.02,0.09,0.14,0.25,0.24,0.13,0.14,0.01,0.11,0.33,0.30,0.25,0.01,0.10,0.67,0.22,1.00,0.99,0.06,0.34,0.39,0.21,0.99,0.60,0.06,0.30,0.01,0.00,0.02,0.00
"Kansas City-Overland Park-Kansas City, MO-KS","1,031,928",0.69,0.06,0.02,0.04,0.05,0.12,0.02,0.02,0.10,0.15,0.24,0.24,0.14,0.12,0.02,0.10,0.29,0.32,0.27,0.02,0.10,0.61,0.27,1.00,0.99,0.06,0.33,0.39,0.22,0.99,0.63,0.05,0.30,0.00,0.00,0.01,0.00
"Rapid City-Spearfish, SD","72,546",0.63,0.05,0.02,0.04,0.04,0.13,0.09,0.03,0.14,0.19,0.24,0.21,0.13,0.08,0.02,0.12,0.30,0.28,0.29,0.03,0.08,0.60,0.29,0.99,0.98,0.04,0.30,0.38,0.28,1.00,0.57,0.08,0.31,0.00,0.00,0.04,0.01
"San Jose-San Francisco-Oakland, CA","3,424,080",0.58,0.09,0.03,0.05,0.05,0.19,0.02,0.01,0.07,0.10,0.22,0.29,0.18,0.13,0.04,0.17,0.35,0.28,0.16,0.05,0.13,0.58,0.24,1.00,0.99,0.09,0.32,0.35,0.24,0.99,0.61,0.03,0.31,0.00,0.00,0.02,0.02
"Boise City-Mountain Home-Ontario, ID-OR","335,454",0.77,0.04,0.02,0.05,0.02,0.06,0.06,0.05,0.19,0.21,0.24,0.18,0.08,0.06,0.01,0.08,0.33,0.33,0.26,0.01,0.05,0.65,0.29,1.00,0.99,0.03,0.25,0.41,0.31,0.99,0.61,0.03,0.32,0.01,0.00,0.03,0.01
"Lafayette-West Lafayette-Frankfort, IN","104,597",0.68,0.03,0.03,0.03,0.08,0.12,0.03,0.01,0.13,0.14,0.22,0.21,0.13,0.16,0.02,0.12,0.31,0.32,0.23,0.02,0.13,0.66,0.19,1.00,0.99,0.08,0.32,0.35,0.26,0.99,0.51,0.15,0.32,0.00,0.00,0.02,0.01
"Redding-Red Bluff, CA","95,838",0.69,0.03,0.03,0.05,0.03,0.05,0.14,0.01,0.05,0.13,0.37,0.29,0.13,0.03,0.02,0.11,0.38,0.36,0.13,0.03,0.07,0.77,0.14,0.99,0.99,0.06,0.31,0.34,0.28,0.99,0.37,0.11,0.33,0.03,0.00,0.16,0.00
"Bloomsburg-Berwick-Sunbury, PA","102,826",0.67,0.11,0.03,0.04,0.02,0.05,0.08,0.01,0.05,0.09,0.22,0.23,0.15,0.26,0.01,0.06,0.29,0.36,0.28,0.01,0.08,0.68,0.23,1.00,0.99,0.10,0.29,0.37,0.24,0.99,0.20,0.08,0.33,0.29,0.04,0.06,0.01
"Sacramento-Roseville, CA","991,808",0.70,0.06,0.02,0.05,0.04,0.11,0.03,0.02,0.08,0.18,0.29,0.27,0.12,0.04,0.02,0.12,0.36,0.32,0.18,0.03,0.09,0.62,0.26,1.00,0.99,0.06,0.30,0.38,0.27,0.99,0.55,0.07,0.34,0.00,0.00,0.04,0.01
"St. Louis-St. Charles-Farmington, MO-IL","1,208,243",0.72,0.04,0.03,0.05,0.04,0.09,0.03,0.01,0.07,0.12,0.23,0.25,0.17,0.14,0.02,0.08,0.34,0.31,0.25,0.02,0.09,0.66,0.23,1.00,0.99,0.08,0.33,0.39,0.20,0.99,0.59,0.05,0.34,0.00,0.00,0.01,0.01
"Fresno-Madera-Hanford, CA","416,166",0.71,0.03,0.02,0.06,0.05,0.09,0.04,0.02,0.09,0.18,0.26,0.27,0.13,0.05,0.05,0.10,0.40,0.32,0.14,0.05,0.07,0.65,0.23,1.00,0.99,0.06,0.30,0.37,0.27,0.99,0.52,0.07,0.34,0.00,0.00,0.05,0.01
"Lincoln-Beatrice, NE","148,337",0.61,0.08,0.03,0.02,0.05,0.19,0.01,0.02,0.12,0.15,0.24,0.23,0.11,0.14,0.02,0.15,0.28,0.28,0.28,0.03,0.14,0.59,0.25,1.00,0.99,0.06,0.34,0.39,0.22,0.99,0.60,0.04,0.35,0.00,0.00,0.01,0.00
"State College-DuBois, PA","93,166",0.63,0.06,0.03,0.03,0.04,0.14,0.07,0.01,0.07,0.13,0.24,0.25,0.14,0.16,0.05,0.09,0.30,0.30,0.27,0.05,0.09,0.62,0.23,1.00,0.99,0.08,0.35,0.36,0.21,0.98,0.25,0.05,0.36,0.27,0.02,0.06,0.01
"Amarillo-Pampa-Borger, TX","116,326",0.75,0.02,0.01,0.03,0.03,0.10,0.07,0.02,0.11,0.11,0.21,0.26,0.24,0.05,0.02,0.09,0.42,0.31,0.17,0.02,0.09,0.72,0.17,1.00,0.99,0.05,0.34,0.39,0.23,0.98,0.62,0.02,0.36,0.00,0.00,0.01,0.00
"Quincy-Hannibal, IL-MO","46,488",0.82,0.03,0.02,0.04,0.01,0.05,0.03,0.00,0.08,0.10,0.17,0.26,0.16,0.23,0.02,0.05,0.30,0.34,0.29,0.03,0.07,0.71,0.20,1.00,0.99,0.06,0.28,0.42,0.24,0.99,0.51,0.09,0.36,0.00,0.00,0.03,0.00
"Idaho Falls-Rexburg-Blackfoot, ID","88,821",0.70,0.04,0.01,0.07,0.02,0.09,0.07,0.04,0.15,0.19,0.19,0.22,0.14,0.08,0.01,0.10,0.27,0.23,0.39,0.01,0.07,0.50,0.42,1.00,1.00,0.03,0.21,0.38,0.39,0.99,0.49,0.08,0.37,0.01,0.00,0.05,0.01
"Tulsa-Muskogee-Bartlesville, OK","454,917",0.72,0.02,0.02,0.03,0.04,0.11,0.06,0.02,0.12,0.15,0.24,0.28,0.13,0.06,0.02,0.10,0.34,0.33,0.21,0.02,0.10,0.67,0.21,1.00,0.99,0.06,0.33,0.39,0.22,0.99,0.57,0.05,0.37,0.00,0.00,0.01,0.00
"Las Vegas-Henderson, NV","880,858",0.62,0.06,0.01,0.06,0.07,0.14,0.04,0.03,0.15,0.29,0.37,0.14,0.03,0.00,0.03,0.13,0.38,0.28,0.18,0.03,0.09,0.61,0.27,1.00,0.99,0.08,0.37,0.36,0.19,0.99,0.58,0.02,0.37,0.00,0.00,0.02,0.01
"Morgantown-Fairmont, WV","79,766",0.64,0.05,0.03,0.04,0.04,0.12,0.09,0.02,0.12,0.15,0.22,0.20,0.14,0.14,0.02,0.10,0.34,0.31,0.23,0.02,0.09,0.71,0.18,0.99,0.99,0.06,0.38,0.39,0.18,0.99,0.49,0.07,0.37,0.03,0.01,0.03,0.01
"Indianapolis-Carmel-Muncie, IN","1,009,141",0.71,0.05,0.02,0.04,0.06,0.09,0.03,0.02,0.11,0.16,0.25,0.22,0.13,0.12,0.01,0.09,0.30,0.33,0.28,0.01,0.10,0.65,0.24,1.00,0.99,0.06,0.33,0.40,0.21,0.99,0.54,0.05,0.39,0.01,0.00,0.01,0.00
"Cincinnati-Wilmington-Maysville, OH-KY-IN","939,513",0.68,0.05,0.03,0.05,0.05,0.12,0.03,0.02,0.08,0.13,0.24,0.23,0.16,0.15,0.01,0.10,0.30,0.30,0.29,0.01,0.11,0.61,0.27,0.99,0.99,0.07,0.32,0.39,0.23,0.99,0.50,0.05,0.40,0.02,0.00,0.02,0.01
"Oklahoma City-Shawnee, OK","596,653",0.73,0.03,0.02,0.03,0.05,0.10,0.05,0.03,0.15,0.16,0.25,0.26,0.12,0.05,0.02,0.11,0.35,0.34,0.18,0.02,0.10,0.68,0.20,1.00,0.99,0.05,0.34,0.39,0.22,0.99,0.54,0.04,0.40,0.00,0.00,0.01,0.01
"Fargo-Wahpeton, ND-MN","120,030",0.51,0.09,0.01,0.03,0.04,0.31,0.02,0.02,0.20,0.19,0.21,0.19,0.12,0.08,0.02,0.16,0.29,0.23,0.30,0.03,0.12,0.55,0.31,1.00,1.00,0.07,0.36,0.39,0.19,1.00,0.47,0.07,0.42,0.02,0.00,0.02,0.01
"Paducah-Mayfield, KY-IL","54,519",0.74,0.01,0.02,0.04,0.02,0.04,0.13,0.01,0.07,0.12,0.29,0.26,0.13,0.12,0.01,0.08,0.33,0.36,0.23,0.01,0.08,0.76,0.16,1.00,1.00,0.07,0.32,0.37,0.24,0.99,0.42,0.16,0.42,0.00,0.00,0.01,0.00
"Spokane-Spokane Valley-Coeur d'Alene, WA-ID","311,536",0.69,0.03,0.02,0.02,0.04,0.14,0.06,0.02,0.14,0.15,0.23,0.22,0.14,0.11,0.02,0.11,0.30,0.27,0.30,0.02,0.10,0.59,0.30,1.00,0.99,0.06,0.29,0.38,0.27,0.99,0.50,0.02,0.42,0.01,0.00,0.05,0.00
"Bloomington-Bedford, IN","88,084",0.63,0.06,0.02,0.05,0.07,0.13,0.05,0.01,0.07,0.19,0.27,0.25,0.09,0.12,0.02,0.14,0.34,0.28,0.21,0.03,0.12,0.67,0.19,1.00,0.99,0.06,0.35,0.38,0.21,1.00,0.43,0.11,0.44,0.00,0.00,0.02,0.00
"Columbia-Moberly-Mexico, MO","106,773",0.66,0.05,0.05,0.05,0.04,0.10,0.05,0.02,0.15,0.15,0.28,0.23,0.10,0.07,0.02,0.08,0.34,0.28,0.29,0.02,0.07,0.66,0.26,1.00,0.99,0.06,0.33,0.39,0.22,0.99,0.44,0.10,0.44,0.00,0.00,0.02,0.00
"Washington-Baltimore-Arlington, DC-MD-VA-WV-PA","3,847,784",0.48,0.21,0.01,0.02,0.05,0.21,0.01,0.02,0.10,0.14,0.27,0.23,0.14,0.10,0.03,0.13,0.25,0.26,0.34,0.03,0.12,0.53,0.32,1.00,0.99,0.10,0.34,0.35,0.21,0.99,0.45,0.03,0.45,0.05,0.00,0.02,0.01
"Louisville/Jefferson County--Elizabethtown--Bardstown, KY-IN","627,535",0.71,0.04,0.02,0.06,0.06,0.09,0.04,0.02,0.10,0.14,0.22,0.26,0.16,0.11,0.01,0.09,0.33,0.32,0.25,0.02,0.09,0.68,0.22,1.00,0.99,0.07,0.33,0.38,0.23,0.99,0.48,0.05,0.45,0.00,0.00,0.01,0.01
"Tucson-Nogales, AZ","453,061",0.62,0.08,0.02,0.03,0.04,0.13,0.09,0.02,0.10,0.20,0.30,0.26,0.11,0.02,0.03,0.13,0.37,0.31,0.16,0.03,0.12,0.62,0.23,1.00,0.99,0.07,0.37,0.36,0.19,0.99,0.50,0.03,0.45,0.00,0.00,0.01,0.01
"Atlanta--Athens-Clarke County--Sandy Springs, GA-AL","2,634,067",0.68,0.06,0.01,0.03,0.04,0.14,0.03,0.03,0.14,0.23,0.34,0.17,0.06,0.03,0.01,0.09,0.28,0.29,0.32,0.01,0.08,0.56,0.35,1.00,1.00,0.05,0.32,0.39,0.24,1.00,0.49,0.04,0.46,0.00,0.00,0.00,0.01
"Charleston-Huntington-Ashland, WV-OH-KY","319,564",0.71,0.02,0.02,0.03,0.03,0.05,0.15,0.01,0.06,0.11,0.24,0.27,0.18,0.13,0.01,0.06,0.33,0.36,0.25,0.01,0.06,0.74,0.19,1.00,1.00,0.09,0.35,0.35,0.21,0.99,0.42,0.06,0.48,0.00,0.00,0.03,0.00
"Joplin-Miami, MO-OK","83,116",0.76,0.02,0.03,0.02,0.02,0.06,0.10,0.02,0.13,0.16,0.25,0.23,0.12,0.11,0.01,0.08,0.34,0.35,0.21,0.01,0.08,0.72,0.19,1.00,0.99,0.06,0.33,0.37,0.24,0.99,0.38,0.09,0.49,0.00,0.00,0.04,0.00
"Memphis-Forrest City, TN-MS-AR","527,302",0.72,0.03,0.02,0.04,0.06,0.09,0.04,0.01,0.08,0.18,0.29,0.26,0.15,0.04,0.01,0.08,0.31,0.34,0.26,0.01,0.08,0.65,0.26,1.00,0.99,0.08,0.32,0.39,0.21,0.99,0.45,0.04,0.50,0.00,0.00,0.01,0.01
"Bend-Prineville, OR","96,895",0.74,0.03,0.03,0.05,0.01,0.06,0.08,0.06,0.17,0.25,0.30,0.17,0.03,0.03,0.02,0.09,0.42,0.29,0.18,0.02,0.06,0.76,0.17,1.00,0.98,0.04,0.26,0.41,0.29,1.00,0.36,0.05,0.50,0.00,0.00,0.08,0.00
"Jackson-Brownsville, TN","77,069",0.74,0.03,0.05,0.03,0.03,0.03,0.08,0.01,0.09,0.15,0.30,0.24,0.14,0.08,0.01,0.07,0.34,0.36,0.22,0.02,0.07,0.71,0.21,0.99,0.99,0.07,0.31,0.36,0.27,0.99,0.43,0.05,0.51,0.00,0.00,0.01,0.01
"Jackson-Vicksburg-Brookhaven, MS","253,831",0.72,0.02,0.02,0.03,0.04,0.06,0.11,0.01,0.11,0.17,0.26,0.29,0.11,0.04,0.01,0.07,0.34,0.35,0.24,0.01,0.06,0.68,0.24,1.00,1.00,0.06,0.34,0.35,0.25,0.99,0.40,0.08,0.51,0.00,0.00,0.01,0.00
"Portland-Vancouver-Salem, OR-WA","1,307,239",0.62,0.06,0.02,0.04,0.05,0.16,0.05,0.02,0.12,0.14,0.26,0.25,0.11,0.10,0.03,0.13,0.34,0.28,0.22,0.04,0.11,0.63,0.22,1.00,0.99,0.08,0.32,0.37,0.23,0.99,0.41,0.02,0.53,0.01,0.00,0.03,0.01
"Houston-The Woodlands, TX","2,758,158",0.64,0.03,0.01,0.03,0.04,0.20,0.05,0.04,0.20,0.20,0.26,0.22,0.07,0.02,0.04,0.15,0.30,0.29,0.23,0.04,0.13,0.55,0.29,1.00,0.99,0.06,0.33,0.40,0.22,0.99,0.43,0.02,0.53,0.00,0.00,0.00,0.01
"Lubbock-Plainview-Levelland, TX","150,639",0.68,0.03,0.04,0.05,0.05,0.11,0.05,0.03,0.15,0.14,0.23,0.27,0.16,0.03,0.02,0.11,0.42,0.32,0.14,0.02,0.10,0.71,0.17,1.00,0.99,0.05,0.36,0.39,0.21,0.99,0.43,0.02,0.54,0.00,0.00,0.01,0.00
"Tupelo-Corinth, MS","78,318",0.72,0.00,0.03,0.03,0.01,0.03,0.17,0.02,0.10,0.16,0.29,0.33,0.08,0.03,0.03,0.05,0.32,0.38,0.22,0.03,0.04,0.76,0.16,0.99,0.99,0.05,0.29,0.41,0.26,0.99,0.34,0.10,0.54,0.00,0.00,0.02,0.01
"Shreveport-Bossier City-Minden, LA","172,122",0.67,0.03,0.02,0.04,0.05,0.07,0.12,0.02,0.11,0.11,0.27,0.32,0.14,0.03,0.02,0.09,0.36,0.35,0.19,0.02,0.08,0.72,0.19,0.99,0.99,0.09,0.39,0.33,0.18,0.99,0.43,0.02,0.54,0.00,0.00,0.00,0.01
"Cape Girardeau-Sikeston, MO-IL","54,405",0.72,0.03,0.04,0.05,0.05,0.04,0.09,0.01,0.11,0.13,0.25,0.29,0.13,0.08,0.01,0.08,0.35,0.29,0.28,0.01,0.07,0.68,0.24,1.00,1.00,0.08,0.27,0.36,0.29,0.99,0.34,0.08,0.55,0.00,0.00,0.03,0.01
"Salisbury-Cambridge, MD-DE","192,431",0.72,0.07,0.01,0.02,0.02,0.08,0.08,0.04,0.18,0.22,0.26,0.15,0.08,0.06,0.01,0.06,0.29,0.36,0.29,0.01,0.05,0.72,0.23,1.00,1.00,0.05,0.31,0.41,0.23,1.00,0.17,0.17,0.55,0.07,0.00,0.03,0.01
"Seattle-Tacoma, WA","1,986,571",0.60,0.05,0.02,0.04,0.05,0.21,0.04,0.02,0.13,0.15,0.28,0.23,0.10,0.09,0.04,0.16,0.30,0.27,0.24,0.05,0.12,0.59,0.24,1.00,0.99,0.08,0.33,0.36,0.23,0.99,0.36,0.03,0.56,0.02,0.00,0.03,0.01
"Charlotte-Concord, NC-SC","1,149,300",0.68,0.05,0.01,0.02,0.03,0.14,0.06,0.04,0.19,0.21,0.28,0.17,0.08,0.04,0.02,0.09,0.34,0.30,0.26,0.02,0.08,0.64,0.26,1.00,1.00,0.04,0.33,0.39,0.24,0.99,0.39,0.03,0.57,0.01,0.00,0.01,0.00
"Little Rock-North Little Rock, AR","373,804",0.68,0.01,0.03,0.02,0.04,0.11,0.10,0.02,0.14,0.18,0.29,0.24,0.09,0.03,0.02,0.11,0.38,0.32,0.18,0.02,0.09,0.72,0.18,0.99,0.99,0.07,0.35,0.37,0.21,0.99,0.39,0.03,0.57,0.00,0.00,0.01,0.00
"Medford-Grants Pass, OR","129,187",0.69,0.03,0.03,0.06,0.04,0.06,0.10,0.02,0.08,0.17,0.26,0.27,0.13,0.07,0.02,0.10,0.39,0.33,0.17,0.03,0.06,0.78,0.14,1.00,0.99,0.05,0.30,0.38,0.28,0.98,0.31,0.02,0.57,0.01,0.00,0.09,0.00
"Pullman-Moscow, WA-ID","35,090",0.49,0.04,0.05,0.05,0.08,0.20,0.09,0.01,0.11,0.13,0.24,0.25,0.11,0.15,0.02,0.14,0.36,0.25,0.23,0.02,0.11,0.65,0.22,1.00,1.00,0.03,0.36,0.34,0.28,0.99,0.30,0.03,0.58,0.03,0.00,0.06,0.00
"Montgomery-Selma-Alexander City, AL","190,932",0.73,0.02,0.01,0.04,0.04,0.05,0.11,0.02,0.11,0.14,0.32,0.26,0.11,0.04,0.02,0.06,0.30,0.39,0.24,0.02,0.05,0.67,0.27,0.99,0.99,0.06,0.35,0.36,0.24,0.99,0.33,0.07,0.58,0.00,0.00,0.01,0.01
"Birmingham-Hoover-Talladega, AL","539,228",0.72,0.02,0.01,0.02,0.04,0.09,0.10,0.02,0.11,0.16,0.26,0.26,0.13,0.06,0.01,0.07,0.31,0.34,0.27,0.01,0.06,0.67,0.25,1.00,0.99,0.05,0.31,0.37,0.27,0.99,0.36,0.05,0.58,0.00,0.00,0.01,0.01
"Midland-Odessa, TX","134,800",0.60,0.03,0.03,0.03,0.05,0.14,0.14,0.04,0.21,0.14,0.25,0.19,0.18,0.00,0.04,0.15,0.40,0.28,0.14,0.04,0.12,0.64,0.21,0.99,0.99,0.05,0.33,0.39,0.24,0.99,0.37,0.03,0.58,0.00,0.00,0.01,0.01
"Tyler-Jacksonville, TX","99,644",0.73,0.04,0.03,0.01,0.03,0.06,0.11,0.03,0.14,0.18,0.25,0.21,0.14,0.05,0.02,0.07,0.37,0.35,0.18,0.02,0.06,0.71,0.21,0.99,0.99,0.06,0.31,0.40,0.24,0.99,0.34,0.05,0.59,0.01,0.00,0.01,0.01
"Raleigh-Durham-Cary, NC","848,957",0.64,0.08,0.02,0.02,0.04,0.14,0.06,0.04,0.21,0.22,0.31,0.14,0.06,0.03,0.01,0.10,0.31,0.29,0.29,0.02,0.08,0.62,0.29,1.00,1.00,0.05,0.32,0.40,0.24,0.99,0.34,0.05,0.59,0.00,0.00,0.01,0.01
"Harrisonburg-Staunton, VA","101,851",0.68,0.09,0.02,0.04,0.03,0.08,0.06,0.01,0.10,0.17,0.28,0.21,0.12,0.11,0.01,0.07,0.34,0.33,0.26,0.01,0.07,0.69,0.24,1.00,0.99,0.07,0.25,0.36,0.32,1.00,0.18,0.09,0.60,0.07,0.00,0.05,0.01
"Bowling Green-Glasgow, KY","95,560",0.66,0.02,0.03,0.05,0.06,0.08,0.11,0.04,0.17,0.19,0.27,0.20,0.07,0.06,0.01,0.10,0.36,0.31,0.22,0.01,0.08,0.71,0.19,1.00,0.99,0.07,0.33,0.36,0.24,0.99,0.29,0.07,0.60,0.01,0.00,0.03,0.01
"Virginia Beach-Norfolk, VA-NC","757,539",0.62,0.11,0.02,0.05,0.07,0.11,0.03,0.01,0.11,0.13,0.33,0.24,0.13,0.05,0.01,0.08,0.31,0.32,0.28,0.01,0.08,0.64,0.28,1.00,1.00,0.06,0.33,0.38,0.24,0.99,0.34,0.03,0.61,0.02,0.00,0.01,0.01
"New Orleans-Metairie-Hammond, LA-MS","590,758",0.67,0.04,0.05,0.04,0.03,0.10,0.06,0.02,0.09,0.14,0.26,0.28,0.12,0.09,0.02,0.09,0.35,0.33,0.21,0.02,0.10,0.65,0.23,1.00,0.99,0.09,0.39,0.36,0.16,0.99,0.36,0.02,0.61,0.00,0.00,0.01,0.01
"Asheville-Marion-Brevard, NC","224,428",0.66,0.04,0.02,0.03,0.03,0.08,0.15,0.02,0.13,0.18,0.32,0.19,0.10,0.07,0.03,0.09,0.36,0.32,0.20,0.04,0.06,0.75,0.16,1.00,0.99,0.04,0.32,0.40,0.23,0.99,0.17,0.09,0.62,0.08,0.00,0.04,0.00
"Greensboro--Winston-Salem--High Point, NC","698,184",0.68,0.04,0.02,0.03,0.05,0.09,0.09,0.02,0.11,0.17,0.30,0.23,0.12,0.06,0.01,0.08,0.37,0.32,0.22,0.01,0.07,0.74,0.18,1.00,1.00,0.05,0.31,0.36,0.28,0.99,0.28,0.04,0.62,0.03,0.00,0.02,0.01
"Nashville-Davidson--Murfreesboro, TN","881,219",0.67,0.07,0.02,0.02,0.05,0.14,0.04,0.05,0.19,0.18,0.28,0.19,0.07,0.04,0.02,0.10,0.33,0.30,0.26,0.02,0.09,0.65,0.24,1.00,0.99,0.04,0.31,0.39,0.26,0.99,0.33,0.03,0.62,0.00,0.00,0.01,0.01
"Lexington-Fayette--Richmond--Frankfort, KY","311,729",0.66,0.05,0.03,0.05,0.06,0.11,0.05,0.02,0.11,0.19,0.30,0.23,0.09,0.07,0.01,0.12,0.34,0.28,0.25,0.02,0.11,0.65,0.23,1.00,0.99,0.05,0.36,0.38,0.21,0.99,0.33,0.03,0.62,0.01,0.00,0.01,0.00
"Dallas-Fort Worth, TX-OK","3,099,812",0.64,0.03,0.01,0.04,0.05,0.19,0.04,0.04,0.18,0.19,0.29,0.19,0.08,0.03,0.03,0.15,0.30,0.29,0.24,0.03,0.14,0.56,0.27,1.00,0.99,0.05,0.32,0.41,0.22,0.99,0.34,0.02,0.62,0.00,0.00,0.01,0.01
"Jonesboro-Paragould, AR","71,050",0.70,0.01,0.08,0.06,0.03,0.04,0.08,0.03,0.20,0.15,0.29,0.24,0.07,0.03,0.02,0.10,0.35,0.32,0.21,0.02,0.05,0.74,0.18,0.99,1.00,0.07,0.30,0.42,0.21,0.99,0.30,0.05,0.63,0.00,0.00,0.01,0.01
"Monroe-Ruston, LA","101,523",0.64,0.01,0.04,0.07,0.03,0.04,0.17,0.02,0.08,0.15,0.32,0.29,0.11,0.04,0.01,0.06,0.34,0.41,0.18,0.01,0.07,0.76,0.16,1.00,0.99,0.09,0.39,0.32,0.20,0.98,0.33,0.02,0.64,0.00,0.00,0.01,0.00
"Greenville-Spartanburg-Anderson, SC","618,780",0.69,0.04,0.02,0.02,0.04,0.07,0.14,0.04,0.14,0.17,0.29,0.23,0.10,0.04,0.02,0.07,0.36,0.32,0.25,0.02,0.05,0.71,0.22,1.00,0.99,0.05,0.31,0.39,0.25,0.99,0.30,0.04,0.64,0.01,0.00,0.01,0.01
"Rocky Mount-Wilson-Roanoke Rapids, NC","121,070",0.65,0.02,0.05,0.04,0.02,0.02,0.19,0.01,0.09,0.14,0.33,0.25,0.11,0.09,0.01,0.05,0.43,0.36,0.15,0.01,0.04,0.80,0.15,1.00,0.99,0.07,0.32,0.33,0.28,0.99,0.21,0.12,0.65,0.01,0.00,0.01,0.01
"Hot Springs-Malvern, AR","57,946",0.68,0.03,0.02,0.04,0.03,0.06,0.14,0.02,0.10,0.15,0.29,0.27,0.12,0.05,0.02,0.08,0.45,0.27,0.17,0.02,0.07,0.78,0.13,1.00,0.99,0.05,0.36,0.39,0.20,0.99,0.28,0.02,0.67,0.00,0.00,0.03,0.00
"Phoenix-Mesa, AZ","1,914,489",0.68,0.05,0.01,0.03,0.04,0.14,0.05,0.03,0.14,0.24,0.32,0.20,0.06,0.01,0.02,0.12,0.35,0.32,0.19,0.03,0.10,0.59,0.28,1.00,0.99,0.05,0.34,0.39,0.23,0.99,0.28,0.01,0.68,0.00,0.00,0.01,0.01
"Knoxville-Morristown-Sevierville, TN","487,916",0.70,0.04,0.02,0.03,0.04,0.08,0.10,0.03,0.12,0.17,0.29,0.23,0.11,0.06,0.01,0.08,0.34,0.33,0.24,0.01,0.07,0.72,0.20,1.00,0.99,0.05,0.29,0.39,0.28,0.99,0.26,0.03,0.69,0.00,0.00,0.02,0.01
"Columbus-Auburn-Opelika, GA-AL","197,764",0.66,0.03,0.03,0.05,0.05,0.09,0.10,0.02,0.14,0.18,0.28,0.22,0.11,0.05,0.01,0.08,0.32,0.35,0.24,0.01,0.07,0.67,0.25,1.00,1.00,0.08,0.34,0.38,0.21,0.99,0.25,0.03,0.70,0.00,0.00,0.01,0.01
"Chattanooga-Cleveland-Dalton, TN-GA","399,012",0.73,0.03,0.03,0.03,0.02,0.08,0.09,0.02,0.09,0.18,0.28,0.26,0.11,0.06,0.01,0.09,0.32,0.34,0.24,0.01,0.06,0.72,0.20,1.00,0.99,0.04,0.28,0.39,0.28,0.99,0.23,0.05,0.70,0.00,0.00,0.02,0.01
"Scottsboro-Fort Payne, AL","48,664",0.73,0.01,0.02,0.01,0.01,0.01,0.21,0.02,0.08,0.13,0.35,0.27,0.11,0.05,0.00,0.05,0.38,0.35,0.22,0.00,0.05,0.80,0.15,1.00,1.00,0.06,0.27,0.36,0.31,0.99,0.12,0.16,0.71,0.00,0.00,0.01,0.00
"Kennewick-Richland-Walla Walla, WA","131,910",0.69,0.03,0.03,0.03,0.04,0.10,0.08,0.03,0.16,0.19,0.19,0.24,0.13,0.07,0.01,0.08,0.34,0.30,0.27,0.02,0.07,0.66,0.26,1.00,0.99,0.05,0.27,0.36,0.33,0.98,0.25,0.02,0.71,0.00,0.00,0.02,0.00
"Hattiesburg-Laurel, MS","98,284",0.67,0.01,0.02,0.04,0.04,0.06,0.17,0.02,0.16,0.16,0.27,0.24,0.11,0.04,0.01,0.08,0.31,0.37,0.24,0.01,0.08,0.69,0.23,1.00,0.99,0.06,0.30,0.39,0.25,0.98,0.20,0.07,0.71,0.00,0.00,0.01,0.01
"Columbia-Orangeburg-Newberry, SC","388,040",0.68,0.03,0.01,0.03,0.03,0.08,0.13,0.03,0.14,0.18,0.30,0.23,0.09,0.04,0.01,0.07,0.33,0.35,0.24,0.01,0.06,0.68,0.25,1.00,0.99,0.07,0.33,0.38,0.23,0.99,0.22,0.04,0.72,0.00,0.00,0.01,0.01
"San Antonio-New Braunfels-Pearsall, TX","977,924",0.68,0.02,0.01,0.03,0.05,0.15,0.06,0.04,0.20,0.19,0.26,0.18,0.09,0.04,0.03,0.13,0.33,0.30,0.21,0.03,0.12,0.61,0.24,1.00,0.99,0.06,0.33,0.40,0.22,0.99,0.24,0.02,0.73,0.00,0.00,0.01,0.01
"Mobile-Daphne-Fairhope, AL","267,821",0.73,0.02,0.01,0.03,0.04,0.08,0.10,0.03,0.12,0.16,0.29,0.26,0.10,0.03,0.02,0.06,0.32,0.37,0.23,0.02,0.06,0.68,0.24,0.99,0.99,0.05,0.33,0.38,0.24,0.99,0.23,0.02,0.73,0.00,0.00,0.00,0.01
"Greenville-Kinston-Washington, NC","118,382",0.57,0.05,0.04,0.04,0.08,0.10,0.13,0.01,0.15,0.23,0.29,0.18,0.10,0.05,0.01,0.11,0.42,0.29,0.18,0.01,0.09,0.72,0.18,1.00,0.99,0.08,0.33,0.36,0.23,0.99,0.15,0.10,0.74,0.00,0.00,0.00,0.01
"Lafayette-Opelousas-Morgan City, LA","244,563",0.68,0.02,0.03,0.03,0.03,0.04,0.17,0.02,0.15,0.17,0.28,0.24,0.12,0.03,0.01,0.09,0.41,0.32,0.17,0.01,0.07,0.75,0.17,0.99,0.99,0.09,0.38,0.38,0.15,0.99,0.22,0.01,0.75,0.00,0.00,0.00,0.00
"Macon-Bibb County--Warner Robins, GA","165,982",0.70,0.03,0.03,0.04,0.06,0.06,0.08,0.02,0.13,0.19,0.30,0.22,0.11,0.04,0.01,0.07,0.36,0.35,0.22,0.01,0.06,0.68,0.24,1.00,1.00,0.07,0.31,0.35,0.27,0.99,0.18,0.04,0.76,0.00,0.00,0.01,0.02
"Huntsville-Decatur, AL","269,106",0.74,0.03,0.01,0.03,0.04,0.08,0.07,0.04,0.16,0.18,0.30,0.23,0.07,0.02,0.01,0.06,0.29,0.33,0.30,0.01,0.06,0.63,0.30,1.00,1.00,0.04,0.31,0.38,0.27,0.99,0.18,0.04,0.77,0.00,0.00,0.01,0.00
"DeRidder-Fort Polk South, LA","33,880",0.56,0.05,0.06,0.06,0.02,0.01,0.25,0.02,0.16,0.16,0.29,0.25,0.07,0.04,0.01,0.05,0.40,0.34,0.21,0.01,0.05,0.75,0.20,0.99,0.98,0.05,0.36,0.42,0.18,0.99,0.15,0.05,0.77,0.01,0.00,0.02,0.00
"Corpus Christi-Kingsville-Alice, TX","198,072",0.68,0.02,0.02,0.06,0.06,0.09,0.08,0.02,0.14,0.13,0.26,0.26,0.18,0.03,0.03,0.13,0.45,0.28,0.12,0.03,0.11,0.70,0.17,0.99,0.99,0.07,0.38,0.37,0.19,0.98,0.19,0.02,0.78,0.00,0.00,0.01,0.01
"Johnson City-Kingsport-Bristol, TN-VA","221,889",0.70,0.03,0.02,0.04,0.04,0.05,0.12,0.01,0.08,0.13,0.28,0.27,0.14,0.08,0.01,0.07,0.35,0.35,0.23,0.01,0.06,0.74,0.19,1.00,1.00,0.05,0.30,0.36,0.29,0.99,0.13,0.03,0.79,0.01,0.00,0.03,0.01
"Savannah-Hinesville-Statesboro, GA","235,790",0.63,0.05,0.04,0.04,0.06,0.09,0.09,0.04,0.17,0.19,0.28,0.18,0.10,0.05,0.01,0.09,0.33,0.35,0.22,0.02,0.07,0.69,0.23,1.00,1.00,0.05,0.33,0.42,0.20,0.99,0.17,0.01,0.79,0.00,0.00,0.01,0.01
"Fayetteville-Sanford-Lumberton, NC","328,923",0.67,0.03,0.02,0.03,0.04,0.06,0.15,0.03,0.14,0.19,0.31,0.24,0.07,0.03,0.02,0.06,0.37,0.36,0.20,0.02,0.04,0.73,0.21,1.00,1.00,0.06,0.32,0.37,0.25,0.99,0.12,0.07,0.80,0.00,0.00,0.01,0.01
"Gainesville-Lake City, FL","171,009",0.51,0.04,0.02,0.06,0.06,0.15,0.17,0.03,0.12,0.21,0.35,0.23,0.05,0.02,0.02,0.10,0.41,0.32,0.16,0.03,0.07,0.70,0.20,1.00,0.99,0.08,0.37,0.36,0.19,0.99,0.14,0.02,0.81,0.00,0.00,0.01,0.01
"New Bern-Morehead City, NC","83,043",0.67,0.06,0.02,0.03,0.02,0.05,0.16,0.03,0.12,0.20,0.34,0.19,0.07,0.04,0.01,0.05,0.35,0.37,0.22,0.01,0.04,0.76,0.20,0.99,0.99,0.05,0.29,0.41,0.25,0.99,0.07,0.09,0.82,0.01,0.00,0.01,0.00
"Pensacola-Ferry Pass, FL-AL","220,609",0.74,0.02,0.02,0.03,0.03,0.08,0.07,0.04,0.14,0.16,0.31,0.23,0.09,0.03,0.01,0.07,0.36,0.35,0.21,0.01,0.05,0.69,0.24,0.99,0.99,0.06,0.34,0.39,0.21,0.99,0.15,0.01,0.82,0.00,0.00,0.01,0.01
"Myrtle Beach-Conway, SC-NC","260,400",0.66,0.05,0.01,0.02,0.04,0.08,0.13,0.06,0.23,0.25,0.30,0.11,0.04,0.01,0.01,0.06,0.38,0.35,0.20,0.01,0.03,0.77,0.19,1.00,1.00,0.04,0.33,0.45,0.18,1.00,0.08,0.04,0.87,0.00,0.00,0.00,0.01
"Dothan-Ozark, AL","79,345",0.73,0.02,0.02,0.03,0.03,0.03,0.14,0.02,0.12,0.16,0.27,0.29,0.10,0.04,0.01,0.07,0.33,0.38,0.22,0.01,0.04,0.77,0.17,0.99,0.99,0.05,0.34,0.36,0.25,0.98,0.07,0.02,0.89,0.00,0.00,0.01,0.02
"Brownsville-Harlingen-Raymondville, TX","143,904",0.70,0.03,0.03,0.03,0.03,0.11,0.06,0.03,0.17,0.21,0.31,0.20,0.07,0.02,0.04,0.14,0.48,0.25,0.10,0.04,0.08,0.70,0.18,0.99,0.99,0.07,0.33,0.36,0.25,0.99,0.08,0.02,0.89,0.00,0.00,0.00,0.01
"Orlando-Lakeland-Deltona, FL","1,722,048",0.64,0.05,0.02,0.03,0.04,0.14,0.08,0.04,0.16,0.22,0.33,0.17,0.06,0.02,0.02,0.11,0.36,0.33,0.19,0.02,0.08,0.65,0.25,1.00,0.99,0.05,0.38,0.39,0.18,0.99,0.06,0.01,0.91,0.00,0.00,0.01,0.02
"Moses Lake-Othello, WA","42,090",0.66,0.03,0.02,0.02,0.02,0.08,0.18,0.01,0.18,0.14,0.23,0.24,0.16,0.06,0.02,0.09,0.33,0.38,0.19,0.02,0.08,0.72,0.19,1.00,0.99,0.05,0.24,0.36,0.36,0.98,0.06,0.01,0.91,0.00,0.00,0.02,0.01
"Miami-Port St. Lucie-Fort Lauderdale, FL","2,651,651",0.46,0.10,0.02,0.05,0.05,0.29,0.03,0.02,0.08,0.14,0.34,0.29,0.12,0.02,0.03,0.17,0.42,0.26,0.12,0.03,0.13,0.67,0.17,1.00,0.99,0.08,0.40,0.37,0.16,0.99,0.03,0.01,0.91,0.00,0.00,0.00,0.05
"North Port-Sarasota, FL","495,306",0.63,0.08,0.02,0.02,0.03,0.13,0.09,0.04,0.15,0.20,0.32,0.22,0.06,0.02,0.01,0.09,0.43,0.33,0.15,0.01,0.07,0.79,0.13,1.00,0.99,0.04,0.41,0.40,0.14,0.99,0.06,0.01,0.91,0.00,0.00,0.01,0.02
"McAllen-Edinburg, TX","289,973",0.69,0.02,0.04,0.05,0.03,0.05,0.12,0.03,0.19,0.26,0.33,0.14,0.04,0.01,0.02,0.12,0.50,0.27,0.09,0.02,0.09,0.69,0.20,0.99,1.00,0.06,0.32,0.37,0.25,0.99,0.05,0.02,0.92,0.00,0.00,0.01,0.01
"Cape Coral-Fort Myers-Naples, FL","520,006",0.57,0.08,0.03,0.05,0.06,0.15,0.07,0.04,0.15,0.27,0.36,0.17,0.02,0.01,0.01,0.09,0.46,0.30,0.13,0.02,0.06,0.79,0.14,1.00,0.99,0.05,0.41,0.40,0.15,0.99,0.03,0.01,0.93,0.00,0.00,0.01,0.03
"Jacksonville-St. Marys-Palatka, FL-GA","724,840",0.65,0.05,0.02,0.04,0.04,0.12,0.08,0.04,0.15,0.21,0.30,0.17,0.09,0.03,0.01,0.09,0.34,0.33,0.23,0.01,0.07,0.65,0.26,1.00,1.00,0.05,0.35,0.41,0.19,0.99,0.04,0.01,0.93,0.00,0.00,0.00,0.01
"Clovis-Portales, NM","27,755",0.82,0.02,0.02,0.05,0.00,0.03,0.06,0.00,0.14,0.10,0.17,0.35,0.19,0.05,0.02,0.04,0.37,0.38,0.19,0.02,0.07,0.70,0.22,1.00,0.99,0.04,0.35,0.37,0.24,N,N,N,N,N,N,N,N
"Columbus-West Point, MS","31,594",0.69,0.02,0.04,0.03,0.04,0.02,0.16,0.01,0.06,0.11,0.39,0.31,0.07,0.05,0.01,0.06,0.32,0.40,0.21,0.01,0.04,0.75,0.20,0.99,1.00,0.06,0.32,0.35,0.27,0.99,N,N,N,N,N,N,N
"Dixon-Sterling, IL","37,263",0.84,0.01,0.03,0.02,0.03,0.04,0.03,0.00,0.04,0.07,0.13,0.27,0.19,0.30,0.02,0.05,0.31,0.36,0.26,0.02,0.06,0.71,0.21,1.00,0.99,0.05,0.33,0.38,0.24,1.00,N,N,N,N,N,N,N
"Kerrville-Fredericksburg, TX","34,683",0.73,0.02,0.01,0.04,0.04,0.04,0.13,0.02,0.12,0.16,0.34,0.24,0.10,0.03,0.02,0.10,0.38,0.32,0.18,0.02,0.11,0.74,0.14,1.00,0.99,0.06,0.34,0.42,0.19,0.99,N,N,N,N,N,N,N
"Kokomo-Peru, IN","49,152",0.79,0.04,0.01,0.02,0.03,0.06,0.05,0.01,0.05,0.09,0.17,0.29,0.16,0.23,0.01,0.07,0.30,0.38,0.24,0.02,0.09,0.70,0.20,1.00,1.00,0.07,0.33,0.38,0.22,0.99,N,N,N,N,N,N,N
"Lake Charles-Jennings, LA","92,257",0.74,0.01,0.04,0.01,0.02,0.04,0.14,0.05,0.17,0.15,0.25,0.23,0.12,0.04,0.00,0.08,0.39,0.34,0.19,0.00,0.04,0.76,0.19,1.00,1.00,0.08,0.35,0.40,0.18,0.99,N,N,N,N,N,N,N
"Mayagüez-San Germán, PR","85,842",0.76,0.08,0.01,0.03,0.03,0.09,0.00,0.00,0.03,0.14,0.32,0.35,0.15,0.02,0.02,0.12,0.66,0.18,0.03,0.02,0.05,0.79,0.14,0.99,0.99,0.12,0.40,0.32,0.16,0.97,N,N,N,N,N,N,N
"Ponce-Yauco-Coamo, PR","137,689",0.80,0.09,0.01,0.02,0.03,0.06,0.00,0.00,0.03,0.13,0.35,0.41,0.06,0.02,0.01,0.13,0.69,0.15,0.03,0.01,0.05,0.79,0.16,0.99,0.99,0.12,0.41,0.31,0.16,0.99,N,N,N,N,N,N,N
"Victoria-Port Lavaca, TX","46,956",0.68,0.03,0.02,0.06,0.03,0.08,0.10,0.01,0.14,0.12,0.25,0.26,0.17,0.05,0.03,0.09,0.44,0.27,0.17,0.03,0.08,0.75,0.15,1.00,0.98,0.08,0.30,0.40,0.22,0.98,N,N,N,N,N,N,N